trait,Var1,gen,FD,loc,cv,max,mean,median,min,sd.amo,se,ci
ADF,Maverick,112,1,ID,9.4893,32.9048,29.8244,29.9618,26.4692,2.8301,1.4151,4.5034
ADF,Maverick,112,1,OR,6.379,30.8423,29.6777,30.4975,26.8734,1.8931,0.9466,3.0124
ADF,Maverick,112,1,WA,5.5926,30.2893,28.0048,27.3769,26.976,1.5662,0.7831,2.4922
ADF,Vernal,201,2,ID,5.8322,32.3584,30.8736,31.298,28.5399,1.8006,0.9003,2.8651
ADF,Vernal,201,2,OR,3.949,31.7596,30.7395,31.1072,28.9838,1.2139,0.6069,1.9316
ADF,Vernal,201,2,WA,7.3474,31.5764,28.4805,27.5759,27.194,2.0926,1.0463,3.3298
ADF,22277_5246,144,3,ID,6.6306,32.6205,30.4039,30.1867,28.6217,2.016,1.008,3.2079
ADF,22277_5246,144,3,OR,1.6572,31.1876,30.5993,30.6198,29.9698,0.5071,0.2536,0.8069
ADF,22277_5246,144,3,WA,7.6896,31.7967,28.7692,28.085,27.1101,2.2122,1.1061,3.5202
ADF,Higest_360,202,3,ID,6.7614,31.5729,29.5058,29.3498,27.7507,1.995,0.9975,3.1745
ADF,Higest_360,202,3,OR,2.4509,30.6584,30.0251,30.2046,29.0327,0.7359,0.3679,1.171
ADF,Higest_360,202,3,WA,6.3717,30.8282,28.3073,27.7026,26.9958,1.8036,0.9018,2.87
ADF,Legend,44,4,ID,8.2959,34.0025,30.7945,30.2544,28.6668,2.5547,1.2773,4.0651
ADF,Legend,44,4,OR,4.4526,32.9032,31.0933,30.9251,29.6196,1.3844,0.6922,2.203
ADF,Legend,44,4,WA,6.7236,30.9459,28.7426,28.457,27.1104,1.9325,0.9663,3.0751
ADF,Archer,104,5,ID,8.9191,34.3542,30.7356,30.0948,28.3985,2.7413,1.3707,4.3621
ADF,Archer,104,5,OR,3.1381,31.0471,30.3318,30.6457,28.9887,0.9518,0.4759,1.5146
ADF,Archer,104,5,WA,5.7455,30.446,28.5363,28.2695,27.1603,1.6396,0.8198,2.6089
ADF,ABI700,61,6,ID,7.7152,33.411,30.5914,30.1653,28.6239,2.3602,1.1801,3.7556
ADF,ABI700,61,6,OR,3.5591,31.2533,30.2169,30.4504,28.7133,1.0754,0.5377,1.7113
ADF,ABI700,61,6,WA,7.5285,31.7393,28.6443,27.8391,27.1597,2.1565,1.0782,3.4315
Ash,Maverick,112,1,ID,12.8802,10.8778,9.5974,9.6472,8.2174,1.2362,0.6181,1.967
Ash,Maverick,112,1,OR,5.9607,10.2564,9.7223,9.7339,9.1649,0.5795,0.2898,0.9221
Ash,Maverick,112,1,WA,6.1245,10.1318,9.4933,9.4797,8.8821,0.5814,0.2907,0.9252
Ash,Vernal,201,2,ID,11.5794,10.8815,9.7133,9.79,8.3916,1.1247,0.5624,1.7897
Ash,Vernal,201,2,OR,4.9254,10.19,9.6616,9.6095,9.2375,0.4759,0.2379,0.7572
Ash,Vernal,201,2,WA,4.2811,10.1344,9.7026,9.7679,9.1399,0.4154,0.2077,0.661
Ash,22277_5246,144,3,ID,13.4091,10.8805,9.5519,9.5974,8.1325,1.2808,0.6404,2.0381
Ash,22277_5246,144,3,OR,5.2734,10.166,9.5254,9.4485,9.0384,0.5023,0.2512,0.7993
Ash,22277_5246,144,3,WA,5.2365,10.1086,9.5313,9.4677,9.0811,0.4991,0.2496,0.7942
Ash,Higest_360,202,3,ID,12.4123,10.7549,9.5165,9.4588,8.3936,1.1812,0.5906,1.8796
Ash,Higest_360,202,3,OR,5.1336,10.1281,9.5885,9.5835,9.059,0.4922,0.2461,0.7833
Ash,Higest_360,202,3,WA,3.8871,10.0777,9.6868,9.7466,9.1762,0.3765,0.1883,0.5992
Ash,Legend,44,4,ID,13.9799,10.9222,9.5528,9.6346,8.0197,1.3355,0.6677,2.125
Ash,Legend,44,4,OR,6.3702,10.2446,9.6858,9.7091,9.0805,0.617,0.3085,0.9818
Ash,Legend,44,4,WA,6.4056,10.1311,9.4615,9.4396,8.836,0.6061,0.303,0.9644
Ash,Archer,104,5,ID,13.8768,10.9102,9.5664,9.6857,7.9841,1.3275,0.6638,2.1124
Ash,Archer,104,5,OR,5.5332,10.1866,9.6118,9.5855,9.0896,0.5318,0.2659,0.8463
Ash,Archer,104,5,WA,4.4925,10.1284,9.6746,9.7412,9.0877,0.4346,0.2173,0.6916
Ash,ABI700,61,6,ID,13.5669,10.9047,9.5633,9.6236,8.1013,1.2974,0.6487,2.0645
Ash,ABI700,61,6,OR,5.5227,10.1789,9.5313,9.4732,8.9998,0.5264,0.2632,0.8376
Ash,ABI700,61,6,WA,4.6368,10.1205,9.6166,9.6346,9.0767,0.4459,0.223,0.7095
Ca,Maverick,112,1,ID,8.7833,1.4424,1.3318,1.3543,1.1761,0.117,0.0585,0.1861
Ca,Maverick,112,1,OR,1.9421,1.3135,1.2775,1.2698,1.2569,0.0248,0.0124,0.0395
Ca,Maverick,112,1,WA,2.0161,1.319,1.2939,1.2997,1.2574,0.0261,0.013,0.0415
Ca,Vernal,201,2,ID,10.7129,1.4529,1.3094,1.333,1.1189,0.1403,0.0701,0.2232
Ca,Vernal,201,2,OR,2.5079,1.3113,1.2682,1.2634,1.2348,0.0318,0.0159,0.0506
Ca,Vernal,201,2,WA,2.5061,1.3221,1.2759,1.2659,1.2498,0.032,0.016,0.0509
Ca,22277_5246,144,3,ID,9.9266,1.4457,1.318,1.3426,1.1408,0.1308,0.0654,0.2082
Ca,22277_5246,144,3,OR,2.5878,1.309,1.266,1.2627,1.2295,0.0328,0.0164,0.0521
Ca,22277_5246,144,3,WA,4.1443,1.2531,1.2158,1.2329,1.1445,0.0504,0.0252,0.0802
Ca,Higest_360,202,3,ID,11.004,1.4422,1.3062,1.3379,1.1067,0.1437,0.0719,0.2287
Ca,Higest_360,202,3,OR,1.7653,1.3101,1.2765,1.2664,1.2629,0.0225,0.0113,0.0359
Ca,Higest_360,202,3,WA,1.9989,1.2988,1.2751,1.2744,1.2527,0.0255,0.0127,0.0406
Ca,Legend,44,4,ID,13.365,1.4391,1.2926,1.3425,1.0462,0.1727,0.0864,0.2749
Ca,Legend,44,4,OR,2.1923,1.3092,1.2706,1.2652,1.2429,0.0279,0.0139,0.0443
Ca,Legend,44,4,WA,4.9141,1.2623,1.2248,1.251,1.1349,0.0602,0.0301,0.0958
Ca,Archer,104,5,ID,12.6884,1.4425,1.2909,1.3307,1.0598,0.1638,0.0819,0.2606
Ca,Archer,104,5,OR,1.8506,1.3106,1.2756,1.2659,1.2599,0.0236,0.0118,0.0376
Ca,Archer,104,5,WA,3.0139,1.317,1.2678,1.2639,1.2265,0.0382,0.0191,0.0608
Ca,ABI700,61,6,ID,6.5091,1.4484,1.3476,1.3486,1.2446,0.0877,0.0439,0.1396
Ca,ABI700,61,6,OR,1.6914,1.316,1.2885,1.2847,1.2686,0.0218,0.0109,0.0347
Ca,ABI700,61,6,WA,2.5026,1.3286,1.2994,1.3052,1.2584,0.0325,0.0163,0.0517
Cprot,Maverick,112,1,ID,8.7617,25.2058,22.3298,21.5924,20.9285,1.9565,0.9782,3.1132
Cprot,Maverick,112,1,OR,1.8139,21.8346,21.516,21.6318,20.9659,0.3903,0.1951,0.621
Cprot,Maverick,112,1,WA,4.0492,24.7337,23.5616,23.5016,22.5096,0.9541,0.477,1.5181
Cprot,Vernal,201,2,ID,11.2262,25.3286,21.8668,21.2735,19.5915,2.4548,1.2274,3.9061
Cprot,Vernal,201,2,OR,1.5502,21.1996,20.8981,20.9056,20.5816,0.324,0.162,0.5155
Cprot,Vernal,201,2,WA,4.0887,25.2179,24.3812,24.6382,23.0304,0.9969,0.4984,1.5862
Cprot,22277_5246,144,3,ID,9.4054,25.1827,22.1332,21.3784,20.5932,2.0817,1.0409,3.3125
Cprot,22277_5246,144,3,OR,1.9999,21.5837,21.095,21.0324,20.7315,0.4219,0.2109,0.6713
Cprot,22277_5246,144,3,WA,3.1416,24.2438,23.4286,23.4234,22.6239,0.736,0.368,1.1712
Cprot,Higest_360,202,3,ID,8.3028,25.2295,22.5279,21.9806,20.9211,1.8704,0.9352,2.9763
Cprot,Higest_360,202,3,OR,3.096,21.9132,21.3231,21.4694,20.4403,0.6602,0.3301,1.0505
Cprot,Higest_360,202,3,WA,3.7644,25.3395,24.3551,24.3993,23.2824,0.9168,0.4584,1.4589
Cprot,Legend,44,4,ID,9.5206,25.2205,22.1462,21.4094,20.5455,2.1084,1.0542,3.355
Cprot,Legend,44,4,OR,2.0912,21.5297,21.0834,21.094,20.6158,0.4409,0.2204,0.7016
Cprot,Legend,44,4,WA,5.8253,25.0829,23.4392,23.4313,21.8115,1.3654,0.6827,2.1727
Cprot,Archer,104,5,ID,9.1354,25.2217,22.2534,21.5111,20.7696,2.0329,1.0165,3.2349
Cprot,Archer,104,5,OR,1.7971,21.7997,21.3489,21.3094,20.9771,0.3837,0.1918,0.6105
Cprot,Archer,104,5,WA,5.072,25.5735,24.4136,24.457,23.1668,1.2382,0.6191,1.9703
Cprot,ABI700,61,6,ID,8.8087,25.2155,22.3186,21.55,20.9587,1.966,0.983,3.1283
Cprot,ABI700,61,6,OR,2.4762,21.7681,21.1956,21.2018,20.6105,0.5248,0.2624,0.8351
Cprot,ABI700,61,6,WA,4.4983,25.6187,24.4798,24.5816,23.1371,1.1012,0.5506,1.7522
DM,Maverick,112,1,ID,1.1443,95.5071,94.4121,94.5685,93.0043,1.0804,0.5402,1.7191
DM,Maverick,112,1,OR,1.9146,98.4339,96.6021,96.8762,94.2221,1.8496,0.9248,2.9431
DM,Maverick,112,1,WA,0.4194,94.6533,94.1007,94.011,93.7276,0.3946,0.1973,0.628
DM,Vernal,201,2,ID,1.2275,95.5369,94.5068,94.7473,92.9959,1.1601,0.5801,1.846
DM,Vernal,201,2,OR,1.9814,98.6092,96.6633,96.9059,94.2322,1.9152,0.9576,3.0476
DM,Vernal,201,2,WA,0.3531,94.5209,94.0717,94.0179,93.7302,0.3321,0.1661,0.5285
DM,22277_5246,144,3,ID,1.2484,95.5216,94.5266,94.7925,92.9998,1.1801,0.59,1.8778
DM,22277_5246,144,3,OR,1.9418,98.5092,96.6344,96.9007,94.2269,1.8765,0.9382,2.9859
DM,22277_5246,144,3,WA,0.3725,94.5593,94.079,94.0141,93.7286,0.3505,0.1752,0.5577
DM,Higest_360,202,3,ID,1.2033,95.4714,94.4736,94.7097,93.0034,1.1368,0.5684,1.8088
DM,Higest_360,202,3,OR,1.9721,98.609,96.6244,96.8422,94.2042,1.9056,0.9528,3.0322
DM,Higest_360,202,3,WA,0.3934,94.5885,94.0743,93.996,93.7166,0.3701,0.1851,0.5889
DM,Legend,44,4,ID,1.2733,95.5486,94.5492,94.8306,92.9869,1.2039,0.602,1.9157
DM,Legend,44,4,OR,2.0588,98.8303,96.7376,96.9434,94.2333,1.9916,0.9958,3.1691
DM,Legend,44,4,WA,0.3289,94.4674,94.0573,94.0172,93.7272,0.3094,0.1547,0.4923
DM,Archer,104,5,ID,1.234,95.5256,94.5194,94.7761,92.9998,1.1664,0.5832,1.856
DM,Archer,104,5,OR,1.9596,98.5629,96.6529,96.91,94.2288,1.894,0.947,3.0137
DM,Archer,104,5,WA,0.3421,94.4972,94.0646,94.0157,93.7298,0.3218,0.1609,0.5121
DM,ABI700,61,6,ID,1.2064,95.5245,94.4801,94.6995,92.9968,1.1398,0.5699,1.8137
DM,ABI700,61,6,OR,1.9466,98.5181,96.6379,96.9035,94.2267,1.8811,0.9406,2.9933
DM,ABI700,61,6,WA,0.3335,94.4766,94.0577,94.0134,93.7272,0.3137,0.1569,0.4992
Fat,Maverick,112,1,ID,14.3831,2.5041,2.0835,2.018,1.7939,0.2997,0.1498,0.4768
Fat,Maverick,112,1,OR,3.3804,2.0758,2.0062,2.018,1.913,0.0678,0.0339,0.1079
Fat,Maverick,112,1,WA,13.9478,2.6231,2.1692,2.0179,2.0179,0.3026,0.1513,0.4814
Fat,Vernal,201,2,ID,13.2041,2.5146,2.1066,2.0117,1.8883,0.2782,0.1391,0.4426
Fat,Vernal,201,2,OR,8.4022,2.0996,1.9612,2.0117,1.722,0.1648,0.0824,0.2622
Fat,Vernal,201,2,WA,8.3034,2.3602,2.0988,2.0117,2.0116,0.1743,0.0871,0.2773
Fat,22277_5246,144,3,ID,11.6212,2.5206,2.1467,2.0256,2.0149,0.2495,0.1247,0.397
Fat,22277_5246,144,3,OR,8.2698,2.0323,1.9405,2.0149,1.7001,0.1605,0.0802,0.2554
Fat,22277_5246,144,3,WA,9.2268,2.4047,2.1123,2.0149,2.0149,0.1949,0.0974,0.3101
Fat,Higest_360,202,3,ID,14.2908,2.5879,2.139,2.0336,1.901,0.3057,0.1528,0.4864
Fat,Higest_360,202,3,OR,4.3765,2.0457,1.9941,2.0336,1.8635,0.0873,0.0436,0.1389
Fat,Higest_360,202,3,WA,6.8641,2.3227,2.1058,2.0336,2.0336,0.1445,0.0723,0.23
Fat,Legend,44,4,ID,16.0437,2.5164,2.0642,2.0105,1.7195,0.3312,0.1656,0.527
Fat,Legend,44,4,OR,5.9987,2.0107,1.9412,1.9929,1.7683,0.1164,0.0582,0.1853
Fat,Legend,44,4,WA,3.6532,2.16,2.0478,2.0104,2.0104,0.0748,0.0374,0.119
Fat,Archer,104,5,ID,13.4722,2.4779,2.0811,2.0145,1.8175,0.2804,0.1402,0.4461
Fat,Archer,104,5,OR,7.4861,2.0934,1.9694,2.0144,1.7555,0.1474,0.0737,0.2346
Fat,Archer,104,5,WA,2.3345,2.1096,2.0382,2.0144,2.0144,0.0476,0.0238,0.0757
Fat,ABI700,61,6,ID,14.3785,2.4954,2.0752,2.0078,1.7898,0.2984,0.1492,0.4748
Fat,ABI700,61,6,OR,8.6197,2.027,1.9311,2.0078,1.6818,0.1665,0.0832,0.2649
Fat,ABI700,61,6,WA,6.0014,2.2562,2.0698,2.0078,2.0077,0.1242,0.0621,0.1977
IVTDMD30,Maverick,112,1,ID,5.4383,82.6698,78.0844,77.296,74.2875,4.2464,2.4517,10.5488
IVTDMD30,Maverick,112,1,OR,4.0287,82.6874,79.0537,77.7271,76.7465,3.1848,1.8388,7.9116
IVTDMD30,Maverick,112,1,WA,1.303,80.8856,79.9151,80.0446,78.8151,1.0413,0.6012,2.5868
IVTDMD30,Vernal,201,2,ID,4.8335,82.6769,78.3761,76.9176,75.5339,3.7883,2.1872,9.4106
IVTDMD30,Vernal,201,2,OR,2.5172,80.1285,77.9457,77.3797,76.3288,1.9621,1.1328,4.8741
IVTDMD30,Vernal,201,2,WA,1.5169,80.9631,79.7907,79.8634,78.5457,1.2103,0.6988,3.0066
IVTDMD30,22277_5246,144,3,ID,5.4689,82.5947,77.9633,77.0939,74.2013,4.2637,2.4617,10.5917
IVTDMD30,22277_5246,144,3,OR,1.4537,78.7836,77.6168,77.5352,76.5315,1.1283,0.6514,2.8029
IVTDMD30,22277_5246,144,3,WA,0.9529,80.0094,79.5219,79.9075,78.6489,0.7578,0.4375,1.8824
IVTDMD30,Higest_360,202,3,ID,4.6645,82.6821,78.5649,77.3523,75.6603,3.6646,2.1158,9.1034
IVTDMD30,Higest_360,202,3,OR,2.1484,80.0799,78.2224,77.7799,76.8074,1.6805,0.9703,4.1747
IVTDMD30,Higest_360,202,3,WA,0.983,80.3222,79.7532,80.0784,78.859,0.784,0.4526,1.9474
IVTDMD30,Legend,44,4,ID,6.1254,82.6284,77.5882,76.9483,73.188,4.7526,2.7439,11.8061
IVTDMD30,Legend,44,4,OR,1.8638,79.2268,77.6661,77.404,76.3676,1.4475,0.8357,3.5959
IVTDMD30,Legend,44,4,WA,0.8419,79.8536,79.2921,79.4686,78.554,0.6675,0.3854,1.6583
IVTDMD30,Archer,104,5,ID,6.1804,82.4217,77.4829,77.1672,72.8598,4.7888,2.7648,11.8959
IVTDMD30,Archer,104,5,OR,2.2684,80.0631,78.0939,77.5887,76.6299,1.7715,1.0228,4.4006
IVTDMD30,Archer,104,5,WA,0.8141,79.8548,79.3907,79.6649,78.6526,0.6463,0.3731,1.6055
IVTDMD30,ABI700,61,6,ID,5.6823,82.4492,77.7363,77.0687,73.6908,4.4172,2.5503,10.973
IVTDMD30,ABI700,61,6,OR,1.8635,79.3722,77.7971,77.5004,76.5187,1.4497,0.837,3.6014
IVTDMD30,ABI700,61,6,WA,1.0715,80.2264,79.5457,79.8208,78.5897,0.8523,0.4921,2.1173
IVTDMD48,Maverick,112,1,ID,2.4367,85.268,82.9439,81.9661,81.5977,2.0211,1.1669,5.0207
IVTDMD48,Maverick,112,1,OR,0.8441,84.1712,83.3919,83.2021,82.8024,0.7039,0.4064,1.7486
IVTDMD48,Maverick,112,1,WA,0.7015,85.3615,84.8485,84.9882,84.1958,0.5952,0.3437,1.4787
IVTDMD48,Vernal,201,2,ID,2.3563,85.2424,82.9855,81.9155,81.7986,1.9554,1.129,4.8576
IVTDMD48,Vernal,201,2,OR,0.3122,83.0877,82.791,82.6708,82.6145,0.2585,0.1493,0.6422
IVTDMD48,Vernal,201,2,WA,0.3459,85.34,85.0181,84.9506,84.7635,0.2941,0.1698,0.7306
IVTDMD48,22277_5246,144,3,ID,2.6013,85.218,82.7506,81.7769,81.2568,2.1526,1.2428,5.3473
IVTDMD48,22277_5246,144,3,OR,1.056,83.065,82.3691,82.6484,81.394,0.8698,0.5022,2.1607
IVTDMD48,22277_5246,144,3,WA,1.0838,85.3155,84.6036,84.9264,83.5689,0.9169,0.5294,2.2777
IVTDMD48,Higest_360,202,3,ID,1.9267,85.1494,83.3288,82.7214,82.1156,1.6055,0.927,3.9884
IVTDMD48,Higest_360,202,3,OR,0.6291,83.2513,82.7863,82.884,82.2235,0.5208,0.3007,1.2938
IVTDMD48,Higest_360,202,3,WA,0.7754,85.2354,84.6979,84.8924,83.9658,0.6568,0.3792,1.6315
IVTDMD48,Legend,44,4,ID,2.681,85.1797,82.6601,81.7874,81.0132,2.2161,1.2795,5.5052
IVTDMD48,Legend,44,4,OR,1.0321,83.0573,82.3756,82.6466,81.4229,0.8502,0.4909,2.112
IVTDMD48,Legend,44,4,WA,1.9372,85.2758,84.1494,84.8923,82.2802,1.6301,0.9412,4.0495
IVTDMD48,Archer,104,5,ID,2.6777,85.1233,82.6232,81.8279,80.9184,2.2124,1.2773,5.4959
IVTDMD48,Archer,104,5,OR,0.4369,83.0615,82.6881,82.6625,82.3402,0.3613,0.2086,0.8975
IVTDMD48,Archer,104,5,WA,1.3535,85.2167,84.3798,84.8441,83.0788,1.1421,0.6594,2.8371
IVTDMD48,ABI700,61,6,ID,2.621,85.1642,82.6781,81.6811,81.1891,2.167,1.2511,5.3832
IVTDMD48,ABI700,61,6,OR,1.0747,82.9849,82.2783,82.5632,81.2867,0.8842,0.5105,2.1966
IVTDMD48,ABI700,61,6,WA,0.8435,85.2629,84.6696,84.8691,83.8769,0.7142,0.4123,1.7742
K,Maverick,112,1,ID,4.8554,2.7408,2.6018,2.6162,2.4341,0.1263,0.0632,0.201
K,Maverick,112,1,OR,11.1334,3.0663,2.7575,2.75,2.4636,0.307,0.1535,0.4885
K,Maverick,112,1,WA,6.4298,2.9623,2.7611,2.7554,2.5712,0.1775,0.0888,0.2825
K,Vernal,201,2,ID,6.4425,2.7566,2.5758,2.594,2.3587,0.1659,0.083,0.2641
K,Vernal,201,2,OR,11.6943,3.0896,2.7513,2.7463,2.423,0.3217,0.1609,0.512
K,Vernal,201,2,WA,8.3573,2.9832,2.8033,2.8853,2.4594,0.2343,0.1171,0.3728
K,22277_5246,144,3,ID,7.844,2.7462,2.5243,2.5311,2.289,0.198,0.099,0.3151
K,22277_5246,144,3,OR,11.5413,3.0908,2.7158,2.684,2.4044,0.3134,0.1567,0.4988
K,22277_5246,144,3,WA,4.6635,3.0135,2.893,2.9213,2.7157,0.1349,0.0675,0.2147
K,Higest_360,202,3,ID,6.2126,2.7199,2.5311,2.5027,2.399,0.1572,0.0786,0.2502
K,Higest_360,202,3,OR,10.6791,3.0233,2.6796,2.6566,2.3819,0.2862,0.1431,0.4553
K,Higest_360,202,3,WA,8.8713,2.9264,2.7454,2.8346,2.3863,0.2436,0.1218,0.3876
K,Legend,44,4,ID,5.6022,2.7489,2.5698,2.5487,2.433,0.144,0.072,0.2291
K,Legend,44,4,OR,11.35,3.076,2.7708,2.7693,2.4687,0.3145,0.1572,0.5004
K,Legend,44,4,WA,6.8798,2.9715,2.7893,2.8326,2.5207,0.1919,0.096,0.3054
K,Archer,104,5,ID,7.1231,2.7484,2.534,2.5224,2.3429,0.1805,0.0903,0.2872
K,Archer,104,5,OR,11.982,3.1055,2.7319,2.7068,2.4083,0.3273,0.1637,0.5209
K,Archer,104,5,WA,9.3364,2.9914,2.7645,2.8355,2.3956,0.2581,0.1291,0.4107
K,ABI700,61,6,ID,13.7478,2.7292,2.4288,2.5112,1.9639,0.3339,0.167,0.5313
K,ABI700,61,6,OR,11.628,3.0687,2.6896,2.6585,2.3729,0.3128,0.1564,0.4977
K,ABI700,61,6,WA,9.5246,2.9602,2.7646,2.8609,2.3766,0.2633,0.1317,0.419
Lignin,Maverick,112,1,ID,10.8581,6.0369,5.407,5.4333,4.7246,0.5871,0.2935,0.9342
Lignin,Maverick,112,1,OR,5.6641,5.5775,5.1983,5.1605,4.8948,0.2944,0.1472,0.4685
Lignin,Maverick,112,1,WA,5.737,5.3643,5.0684,5.0482,4.8128,0.2908,0.1454,0.4627
Lignin,Vernal,201,2,ID,9.5686,5.8849,5.5091,5.6928,4.7657,0.5271,0.2636,0.8388
Lignin,Vernal,201,2,OR,4.7668,5.7199,5.3639,5.2989,5.1377,0.2557,0.1278,0.4068
Lignin,Vernal,201,2,WA,7.8291,5.7155,5.1939,5.0978,4.8645,0.4066,0.2033,0.6471
Lignin,22277_5246,144,3,ID,10.9063,6.0974,5.4756,5.53,4.745,0.5972,0.2986,0.9503
Lignin,22277_5246,144,3,OR,4.6786,5.6426,5.4078,5.4467,5.095,0.253,0.1265,0.4026
Lignin,22277_5246,144,3,WA,10.2737,5.9589,5.2837,5.1689,4.8379,0.5428,0.2714,0.8638
Lignin,Higest_360,202,3,ID,9.0013,5.7149,5.2686,5.3133,4.7328,0.4742,0.2371,0.7546
Lignin,Higest_360,202,3,OR,3.608,5.4865,5.2449,5.2332,5.0267,0.1892,0.0946,0.3011
Lignin,Higest_360,202,3,WA,7.9316,5.6368,5.1557,5.0877,4.8108,0.4089,0.2045,0.6507
Lignin,Legend,44,4,ID,12.1706,6.2672,5.5101,5.5108,4.7515,0.6706,0.3353,1.0671
Lignin,Legend,44,4,OR,4.2987,5.6688,5.3627,5.3363,5.1092,0.2305,0.1153,0.3668
Lignin,Legend,44,4,WA,8.292,5.611,5.2281,5.2276,4.8464,0.4335,0.2168,0.6898
Lignin,Archer,104,5,ID,12.1841,6.2966,5.5141,5.5037,4.7524,0.6718,0.3359,1.069
Lignin,Archer,104,5,OR,4.2032,5.6351,5.3302,5.2945,5.0965,0.224,0.112,0.3565
Lignin,Archer,104,5,WA,7.3534,5.51,5.1797,5.1824,4.8437,0.3809,0.1904,0.6061
Lignin,ABI700,61,6,ID,11.428,6.1819,5.5207,5.5738,4.7533,0.6309,0.3155,1.0039
Lignin,ABI700,61,6,OR,4.4956,5.6956,5.3645,5.3208,5.1207,0.2412,0.1206,0.3837
Lignin,ABI700,61,6,WA,10.7688,6.0476,5.3087,5.1683,4.8508,0.5717,0.2858,0.9097
Mg,Maverick,112,1,ID,12.4393,0.3886,0.3597,0.3786,0.293,0.0447,0.0224,0.0712
Mg,Maverick,112,1,OR,8.9538,0.3681,0.3282,0.3238,0.2973,0.0294,0.0147,0.0468
Mg,Maverick,112,1,WA,8.4814,0.3587,0.3382,0.3489,0.2963,0.0287,0.0143,0.0456
Mg,Vernal,201,2,ID,11.0523,0.3801,0.3584,0.3772,0.2991,0.0396,0.0198,0.063
Mg,Vernal,201,2,OR,9.1437,0.367,0.3265,0.322,0.295,0.0299,0.0149,0.0475
Mg,Vernal,201,2,WA,9.3626,0.3667,0.3372,0.344,0.294,0.0316,0.0158,0.0502
Mg,22277_5246,144,3,ID,11.7832,0.382,0.3571,0.3761,0.2941,0.0421,0.021,0.067
Mg,22277_5246,144,3,OR,10.3631,0.3674,0.3221,0.317,0.2869,0.0334,0.0167,0.0531
Mg,22277_5246,144,3,WA,10.6321,0.3519,0.3118,0.306,0.2834,0.0332,0.0166,0.0528
Mg,Higest_360,202,3,ID,12.2871,0.3956,0.3622,0.3783,0.2966,0.0445,0.0223,0.0708
Mg,Higest_360,202,3,OR,7.4546,0.3695,0.3355,0.3317,0.3091,0.025,0.0125,0.0398
Mg,Higest_360,202,3,WA,7.5709,0.3671,0.343,0.3483,0.3083,0.026,0.013,0.0413
Mg,Legend,44,4,ID,13.4253,0.3813,0.3407,0.3472,0.287,0.0457,0.0229,0.0728
Mg,Legend,44,4,OR,10.0733,0.3671,0.3229,0.318,0.2886,0.0325,0.0163,0.0518
Mg,Legend,44,4,WA,8.597,0.3519,0.3232,0.3266,0.2876,0.0278,0.0139,0.0442
Mg,Archer,104,5,ID,9.1355,0.3787,0.3491,0.3481,0.3214,0.0319,0.0159,0.0507
Mg,Archer,104,5,OR,7.3284,0.368,0.3347,0.331,0.3088,0.0245,0.0123,0.039
Mg,Archer,104,5,WA,7.1757,0.3622,0.341,0.3468,0.308,0.0245,0.0122,0.0389
Mg,ABI700,61,6,ID,10.0487,0.3783,0.3576,0.3741,0.3037,0.0359,0.018,0.0572
Mg,ABI700,61,6,OR,6.8334,0.3682,0.3369,0.3334,0.3127,0.023,0.0115,0.0366
Mg,ABI700,61,6,WA,6.9817,0.3672,0.3466,0.3536,0.3119,0.0242,0.0121,0.0385
P,Maverick,112,1,ID,8.8381,0.3259,0.3048,0.3128,0.2677,0.0269,0.0135,0.0429
P,Maverick,112,1,OR,1.6614,0.3333,0.328,0.329,0.3205,0.0054,0.0027,0.0087
P,Maverick,112,1,WA,1.8476,0.3327,0.3269,0.3272,0.3207,0.006,0.003,0.0096
P,Vernal,201,2,ID,13.412,0.328,0.299,0.3132,0.2416,0.0401,0.0201,0.0638
P,Vernal,201,2,OR,1.4243,0.3328,0.3286,0.3299,0.3219,0.0047,0.0023,0.0074
P,Vernal,201,2,WA,2.064,0.3356,0.3291,0.3294,0.3221,0.0068,0.0034,0.0108
P,22277_5246,144,3,ID,11.7977,0.3255,0.2999,0.3124,0.2493,0.0354,0.0177,0.0563
P,22277_5246,144,3,OR,2.4106,0.3298,0.3225,0.3238,0.3126,0.0078,0.0039,0.0124
P,22277_5246,144,3,WA,1.8546,0.3323,0.3266,0.3268,0.3203,0.0061,0.003,0.0096
P,Higest_360,202,3,ID,11.9492,0.327,0.2994,0.3104,0.2498,0.0358,0.0179,0.0569
P,Higest_360,202,3,OR,1.7323,0.3325,0.3285,0.3307,0.3202,0.0057,0.0028,0.0091
P,Higest_360,202,3,WA,2.3273,0.3356,0.3283,0.3286,0.3204,0.0076,0.0038,0.0122
P,Legend,44,4,ID,11.5308,0.3258,0.3003,0.312,0.2511,0.0346,0.0173,0.0551
P,Legend,44,4,OR,1.4099,0.3303,0.3269,0.3286,0.3202,0.0046,0.0023,0.0073
P,Legend,44,4,WA,1.9326,0.3329,0.3269,0.3271,0.3203,0.0063,0.0032,0.0101
P,Archer,104,5,ID,11.3841,0.3258,0.3004,0.312,0.252,0.0342,0.0171,0.0544
P,Archer,104,5,OR,1.6712,0.3303,0.3244,0.3239,0.3195,0.0054,0.0027,0.0086
P,Archer,104,5,WA,1.9462,0.333,0.3269,0.3271,0.3203,0.0064,0.0032,0.0101
P,ABI700,61,6,ID,9.9797,0.3256,0.3029,0.3128,0.2604,0.0302,0.0151,0.0481
P,ABI700,61,6,OR,3.5439,0.3298,0.3206,0.3239,0.3046,0.0114,0.0057,0.0181
P,ABI700,61,6,WA,1.8017,0.3323,0.3267,0.3269,0.3206,0.0059,0.0029,0.0094
Starch,Maverick,112,1,ID,10.9219,3.2055,2.894,2.9324,2.5057,0.3161,0.158,0.503
Starch,Maverick,112,1,OR,13.5355,4.1706,3.4915,3.3197,3.1561,0.4726,0.2363,0.752
Starch,Maverick,112,1,WA,27.7809,4.5703,3.3021,3.1308,2.3767,0.9174,0.4587,1.4597
Starch,Vernal,201,2,ID,13.6134,3.3261,2.8853,2.8749,2.4651,0.3928,0.1964,0.625
Starch,Vernal,201,2,OR,19.8207,4.5597,3.5509,3.32,3.0039,0.7038,0.3519,1.1199
Starch,Vernal,201,2,WA,9.8184,3.1433,2.9409,3.0516,2.5172,0.2888,0.1444,0.4595
Starch,22277_5246,144,3,ID,9.5469,3.2274,2.9295,2.9287,2.6332,0.2797,0.1398,0.445
Starch,22277_5246,144,3,OR,15.8532,4.3727,3.6229,3.4781,3.1628,0.5743,0.2872,0.9139
Starch,22277_5246,144,3,WA,12.0431,3.1631,2.9579,3.1219,2.4244,0.3562,0.1781,0.5668
Starch,Higest_360,202,3,ID,7.5086,3.2511,2.9943,2.9609,2.8042,0.2248,0.1124,0.3578
Starch,Higest_360,202,3,OR,22.5654,4.8812,3.6759,3.3647,3.0929,0.8295,0.4147,1.3199
Starch,Higest_360,202,3,WA,9.745,3.1678,2.9896,3.1182,2.5541,0.2913,0.1457,0.4636
Starch,Legend,44,4,ID,6.3287,3.1995,3.0223,3.0678,2.7543,0.1913,0.0956,0.3044
Starch,Legend,44,4,OR,18.2726,4.4336,3.4813,3.1826,3.1265,0.6361,0.3181,1.0122
Starch,Legend,44,4,WA,20.4551,4.2324,3.2843,3.1289,2.6469,0.6718,0.3359,1.069
Starch,Archer,104,5,ID,6.9118,3.1818,2.9697,2.9692,2.7586,0.2053,0.1026,0.3266
Starch,Archer,104,5,OR,19.6546,4.6194,3.583,3.2878,3.137,0.7042,0.3521,1.1206
Starch,Archer,104,5,WA,8.8587,3.3098,3.0614,3.1303,2.6754,0.2712,0.1356,0.4315
Starch,ABI700,61,6,ID,9.8971,3.3141,3.0043,3.0477,2.6076,0.2973,0.1487,0.4731
Starch,ABI700,61,6,OR,29.3144,5.6562,3.9944,3.5746,3.1723,1.1709,0.5855,1.8632
Starch,ABI700,61,6,WA,11.7596,3.1729,2.8735,2.9296,2.4621,0.3379,0.169,0.5377
Su_ESC,Maverick,112,1,ID,15.7211,8.7861,7.2229,6.9406,6.2244,1.1355,0.5678,1.8069
Su_ESC,Maverick,112,1,OR,16.8565,9.006,7.2366,6.7711,6.3983,1.2198,0.6099,1.941
Su_ESC,Maverick,112,1,WA,27.532,7.7169,6.2341,6.732,3.7556,1.7164,0.8582,2.7311
Su_ESC,Vernal,201,2,ID,8.3646,7.4507,6.8445,6.8747,6.1781,0.5725,0.2863,0.911
Su_ESC,Vernal,201,2,OR,14.3693,8.5359,7.061,6.6672,6.3737,1.0146,0.5073,1.6145
Su_ESC,Vernal,201,2,WA,23.4422,7.3534,6.1876,6.6649,4.067,1.4505,0.7252,2.3081
Su_ESC,22277_5246,144,3,ID,11.5913,7.9394,7.0597,7.0877,6.124,0.8183,0.4092,1.3021
Su_ESC,22277_5246,144,3,OR,15.463,8.7955,7.1946,6.7854,6.4119,1.1125,0.5562,1.7702
Su_ESC,22277_5246,144,3,WA,24.6656,7.4234,6.2076,6.7208,3.9653,1.5311,0.7656,2.4364
Su_ESC,Higest_360,202,3,ID,8.8942,8.2119,7.4795,7.4166,6.8729,0.6652,0.3326,1.0585
Su_ESC,Higest_360,202,3,OR,15.5642,8.8851,7.2333,6.7792,6.4895,1.1258,0.5629,1.7914
Su_ESC,Higest_360,202,3,WA,22.842,7.4458,6.2995,6.7795,4.1932,1.4389,0.7195,2.2896
Su_ESC,Legend,44,4,ID,8.1487,7.2919,6.8292,6.9664,6.0924,0.5565,0.2782,0.8855
Su_ESC,Legend,44,4,OR,13.6036,8.5806,7.166,6.7914,6.5008,0.9748,0.4874,1.5512
Su_ESC,Legend,44,4,WA,19.6985,7.3386,6.3387,6.7518,4.5123,1.2486,0.6243,1.9868
Su_ESC,Archer,104,5,ID,8.7663,7.5941,6.8141,6.7468,6.1688,0.5973,0.2987,0.9505
Su_ESC,Archer,104,5,OR,12.9298,8.4531,7.1264,6.7863,6.4798,0.9214,0.4607,1.4662
Su_ESC,Archer,104,5,WA,19.0778,7.1821,6.2888,6.7275,4.5181,1.1998,0.5999,1.9091
Su_ESC,ABI700,61,6,ID,11.5019,7.8855,7.1743,7.2679,6.2761,0.8252,0.4126,1.3131
Su_ESC,ABI700,61,6,OR,15.124,8.7947,7.2291,6.836,6.4497,1.0933,0.5467,1.7397
Su_ESC,ABI700,61,6,WA,23.7231,7.4383,6.2546,6.7486,4.0831,1.4838,0.7419,2.361
Su_WSC,Maverick,112,1,ID,19.3636,8.2229,6.7581,6.8857,5.038,1.3086,0.6543,2.0823
Su_WSC,Maverick,112,1,OR,10.4374,7.9721,7.1031,7.1341,6.1719,0.7414,0.3707,1.1797
Su_WSC,Maverick,112,1,WA,7.6603,8.8433,8.1431,8.2023,7.3246,0.6238,0.3119,0.9926
Su_WSC,Vernal,201,2,ID,15.297,7.0053,6.4317,6.8776,4.9665,0.9839,0.4919,1.5655
Su_WSC,Vernal,201,2,OR,10.9052,7.8896,6.9835,7.0049,6.0345,0.7616,0.3808,1.2118
Su_WSC,Vernal,201,2,WA,5.5627,8.1344,7.8755,8.0727,7.2223,0.4381,0.219,0.6971
Su_WSC,22277_5246,144,3,ID,16.8106,7.3337,6.5544,6.9771,4.9294,1.1018,0.5509,1.7532
Su_WSC,22277_5246,144,3,OR,10.601,7.9546,7.0834,7.1216,6.1358,0.7509,0.3755,1.1949
Su_WSC,22277_5246,144,3,WA,5.3039,8.1946,7.9083,8.0692,7.3003,0.4195,0.2097,0.6674
Su_WSC,Higest_360,202,3,ID,14.8516,7.6462,6.8835,7.2331,5.4214,1.0223,0.5112,1.6267
Su_WSC,Higest_360,202,3,OR,9.8157,7.9865,7.1132,7.0944,6.2772,0.6982,0.3491,1.111
Su_WSC,Higest_360,202,3,WA,4.9702,8.2121,7.9475,8.1032,7.3717,0.395,0.1975,0.6285
Su_WSC,Legend,44,4,ID,17.1203,7.1843,6.4968,6.9792,4.8447,1.1123,0.5561,1.7699
Su_WSC,Legend,44,4,OR,10.7388,7.9604,7.0617,7.0859,6.1146,0.7583,0.3792,1.2067
Su_WSC,Legend,44,4,WA,5.4095,8.204,7.877,8.0037,7.2965,0.4261,0.2131,0.678
Su_WSC,Archer,104,5,ID,16.3339,7.2944,6.5066,6.8966,4.9388,1.0628,0.5314,1.6911
Su_WSC,Archer,104,5,OR,10.5391,7.9501,7.0822,7.1187,6.1412,0.7464,0.3732,1.1877
Su_WSC,Archer,104,5,WA,5.3193,8.1887,7.8645,7.9849,7.2994,0.4183,0.2092,0.6657
Su_WSC,ABI700,61,6,ID,16.2029,7.3208,6.5876,7.0087,5.0121,1.0674,0.5337,1.6984
Su_WSC,ABI700,61,6,OR,10.4474,7.952,7.1217,7.1826,6.1698,0.744,0.372,1.1839
Su_WSC,ABI700,61,6,WA,5.1906,8.1871,7.897,8.045,7.3109,0.4099,0.205,0.6522
aNDF,Maverick,112,1,ID,10.392,38.7077,34.6514,34.1586,31.5808,3.601,1.8005,5.73
aNDF,Maverick,112,1,OR,4.9197,34.7493,33.7863,34.5483,31.2995,1.6622,0.8311,2.6449
aNDF,Maverick,112,1,WA,5.4009,33.9999,32.0557,31.8731,30.4769,1.7313,0.8656,2.7549
aNDF,Vernal,201,2,ID,6.7288,38.202,35.9534,36.2776,33.0565,2.4192,1.2096,3.8495
aNDF,Vernal,201,2,OR,0.9609,35.9089,35.6286,35.7109,35.1837,0.3424,0.1712,0.5448
aNDF,Vernal,201,2,WA,6.1277,34.9791,32.4403,32.0341,30.7138,1.9879,0.9939,3.1631
aNDF,22277_5246,144,3,ID,7.8958,37.9103,35.4097,35.9721,31.7844,2.7959,1.3979,4.4489
aNDF,22277_5246,144,3,OR,2.289,36.6632,35.4617,35.1496,34.8844,0.8117,0.4059,1.2916
aNDF,22277_5246,144,3,WA,6.1729,34.3847,32.4057,32.3428,30.5527,2.0004,1.0002,3.183
aNDF,Higest_360,202,3,ID,7.3314,36.4474,34.3444,34.9059,31.1185,2.5179,1.259,4.0066
aNDF,Higest_360,202,3,OR,1.3097,35.062,34.6786,34.746,34.1605,0.4542,0.2271,0.7227
aNDF,Higest_360,202,3,WA,5.4298,33.7267,32.0106,31.9577,30.4003,1.7381,0.869,2.7657
aNDF,Legend,44,4,ID,10.1779,40.5226,36.2444,36.2717,31.9117,3.6889,1.8445,5.8699
aNDF,Legend,44,4,OR,2.0975,36.8565,35.7956,35.5998,35.1262,0.7508,0.3754,1.1947
aNDF,Legend,44,4,WA,6.8994,34.6345,32.6687,32.7302,30.5797,2.2539,1.127,3.5865
aNDF,Archer,104,5,ID,10.5161,40.6093,35.9161,35.6501,31.755,3.777,1.8885,6.01
aNDF,Archer,104,5,OR,0.8877,35.4235,35.017,34.9883,34.6677,0.3108,0.1554,0.4946
aNDF,Archer,104,5,WA,6.1932,34.1942,32.4265,32.4739,30.5637,2.0082,1.0041,3.1955
aNDF,ABI700,61,6,ID,9.3109,39.1452,35.7521,36.1182,31.6265,3.3288,1.6644,5.2969
aNDF,ABI700,61,6,OR,1.2044,36.0152,35.418,35.2753,35.1061,0.4266,0.2133,0.6788
aNDF,ABI700,61,6,WA,6.1745,34.5841,32.42,32.2569,30.5818,2.0018,1.0009,3.1853
dNDF30,Maverick,112,1,ID,12.0994,16.2883,14.851,15.4282,12.8364,1.7969,1.0374,4.4637
dNDF30,Maverick,112,1,OR,8.9261,14.3385,13.3143,13.5932,12.0112,1.1885,0.6862,2.9523
dNDF30,Maverick,112,1,WA,4.6929,13.1753,12.5383,12.4245,12.0151,0.5884,0.3397,1.4617
dNDF30,Vernal,201,2,ID,4.9409,16.4411,15.6528,15.6219,14.8953,0.7734,0.4465,1.9212
dNDF30,Vernal,201,2,OR,9.4951,14.8078,13.9535,14.6254,12.4273,1.3249,0.7649,3.2912
dNDF30,Vernal,201,2,WA,4.7185,13.2858,12.6401,12.5247,12.1098,0.5964,0.3443,1.4816
dNDF30,22277_5246,144,3,ID,4.3345,15.8979,15.1937,15.0902,14.5931,0.6586,0.3802,1.636
dNDF30,22277_5246,144,3,OR,6.9396,14.026,13.3782,13.794,12.3146,0.9284,0.536,2.3062
dNDF30,22277_5246,144,3,WA,4.0957,13.1662,12.6072,12.5073,12.1481,0.5163,0.2981,1.2827
dNDF30,Higest_360,202,3,ID,5.5023,15.7226,14.9075,14.9178,14.0822,0.8203,0.4736,2.0376
dNDF30,Higest_360,202,3,OR,7.6549,14.168,13.3589,13.6992,12.2095,1.0226,0.5904,2.5403
dNDF30,Higest_360,202,3,WA,3.9996,13.0714,12.5289,12.432,12.0834,0.5011,0.2893,1.2448
dNDF30,Legend,44,4,ID,4.3964,16.3096,15.5775,15.4703,14.9526,0.6849,0.3954,1.7013
dNDF30,Legend,44,4,OR,10.4952,15.075,13.7781,14.0404,12.2188,1.446,0.8349,3.5922
dNDF30,Legend,44,4,WA,4.6348,13.2223,12.5906,12.4777,12.0717,0.5836,0.3369,1.4496
dNDF30,Archer,104,5,ID,5.9279,16.1337,15.2719,15.3533,14.3286,0.9053,0.5227,2.2489
dNDF30,Archer,104,5,OR,8.489,14.5107,13.4956,13.7227,12.2534,1.1456,0.6614,2.8459
dNDF30,Archer,104,5,WA,4.4074,13.1967,12.5957,12.4884,12.1021,0.5551,0.3205,1.3791
dNDF30,ABI700,61,6,ID,5.7231,16.1696,15.295,15.2964,14.4189,0.8754,0.5054,2.1745
dNDF30,ABI700,61,6,OR,7.6819,13.9547,13.2269,13.6598,12.066,1.0161,0.5866,2.5241
dNDF30,ABI700,61,6,WA,4.479,13.1889,12.579,12.47,12.078,0.5634,0.3253,1.3996
dNDF48,Maverick,112,1,ID,13.9731,18.3025,16.7543,17.8993,14.0611,2.3411,1.3516,5.8156
dNDF48,Maverick,112,1,OR,5.6184,17.1878,16.3308,16.4417,15.3628,0.9175,0.5297,2.2793
dNDF48,Maverick,112,1,WA,3.5957,16.7,16.1733,16.2706,15.5492,0.5815,0.3358,1.4446
dNDF48,Vernal,201,2,ID,6.6365,17.7188,17.0321,17.6499,15.7275,1.1303,0.6526,2.8079
dNDF48,Vernal,201,2,OR,4.3468,17.5197,16.9979,17.3216,16.1524,0.7389,0.4266,1.8354
dNDF48,Vernal,201,2,WA,2.4209,16.8881,16.4795,16.4595,16.0909,0.399,0.2303,0.9911
dNDF48,22277_5246,144,3,ID,6.2408,17.3619,16.5043,16.7892,15.3619,1.03,0.5947,2.5587
dNDF48,22277_5246,144,3,OR,2.6946,16.6416,16.3426,16.5494,15.8369,0.4404,0.2542,1.0939
dNDF48,22277_5246,144,3,WA,2.2121,16.6163,16.2828,16.3313,15.9008,0.3602,0.208,0.8948
dNDF48,Higest_360,202,3,ID,7.1436,17.1875,16.2791,16.6815,14.9685,1.1629,0.6714,2.8889
dNDF48,Higest_360,202,3,OR,3.3713,16.6785,16.1827,16.2712,15.5982,0.5456,0.315,1.3553
dNDF48,Higest_360,202,3,WA,2.5249,16.3758,16.0512,16.1809,15.597,0.4053,0.234,1.0068
dNDF48,Legend,44,4,ID,8.6552,18.4227,17.2078,17.6545,15.5462,1.4894,0.8599,3.6998
dNDF48,Legend,44,4,OR,6.4956,17.8576,16.7234,16.6203,15.6924,1.0863,0.6272,2.6985
dNDF48,Legend,44,4,WA,2.8295,16.6999,16.2691,16.3232,15.7841,0.4603,0.2658,1.1435
dNDF48,Archer,104,5,ID,8.3991,18.0135,16.9114,17.4123,15.3084,1.4204,0.8201,3.5285
dNDF48,Archer,104,5,OR,2.7502,16.8298,16.4167,16.4857,15.9348,0.4515,0.2607,1.1216
dNDF48,Archer,104,5,WA,2.1953,16.6676,16.3265,16.3592,15.9529,0.3584,0.2069,0.8904
dNDF48,ABI700,61,6,ID,6.6724,17.5361,16.8345,17.4284,15.5389,1.1233,0.6485,2.7904
dNDF48,ABI700,61,6,OR,2.8383,16.6206,16.263,16.4266,15.7419,0.4616,0.2665,1.1467
dNDF48,ABI700,61,6,WA,2.3037,16.6492,16.295,16.3343,15.9015,0.3754,0.2167,0.9325
